{
  "generatedAt": "2026-04-02T10:10:29.703Z",
  "config": {
    "rounds": 10,
    "fixedProofSize": 10,
    "inputPath": "/root/mcp-l1/circuits/batch_input.json",
    "wasmPath": "/root/mcp-l1/circuits/batch_capability_js/batch_capability.wasm",
    "zkeyPath": "/root/mcp-l1/circuits/batch_final.zkey",
    "vkeyPath": "/root/mcp-l1/circuits/batch_vkey.json"
  },
  "allRounds": {
    "prove": {
      "avg": 1145.4373844146728,
      "p50": 650.7934799194336,
      "p95": 5750.265371322632,
      "min": 551.3036403656006,
      "max": 5750.265371322632
    },
    "verify": {
      "avg": 31.39418544769287,
      "p50": 30.299686431884766,
      "p95": 36.116323471069336,
      "min": 27.718002319335938,
      "max": 36.116323471069336
    }
  },
  "warmRounds": {
    "prove": {
      "avg": 633.7898303137886,
      "p50": 650.7934799194336,
      "p95": 775.0400352478027,
      "min": 551.3036403656006,
      "max": 775.0400352478027
    },
    "verify": {
      "avg": 31.333008660210503,
      "p50": 30.299686431884766,
      "p95": 36.116323471069336,
      "min": 27.718002319335938,
      "max": 36.116323471069336
    }
  },
  "raw": {
    "proveTimesAll": [
      5750.265371322632,
      775.0400352478027,
      679.3682155609131,
      650.7934799194336,
      673.8012104034424,
      655.2441883087158,
      579.0478496551514,
      564.9397964477539,
      551.3036403656006,
      574.5700569152832
    ],
    "verifyTimesAll": [
      31.94477653503418,
      35.51789855957031,
      27.718002319335938,
      30.299686431884766,
      28.64400863647461,
      32.0441951751709,
      30.228357315063477,
      36.116323471069336,
      30.27989387512207,
      31.148712158203125
    ],
    "proveTimesWarm": [
      775.0400352478027,
      679.3682155609131,
      650.7934799194336,
      673.8012104034424,
      655.2441883087158,
      579.0478496551514,
      564.9397964477539,
      551.3036403656006,
      574.5700569152832
    ],
    "verifyTimesWarm": [
      35.51789855957031,
      27.718002319335938,
      30.299686431884766,
      28.64400863647461,
      32.0441951751709,
      30.228357315063477,
      36.116323471069336,
      30.27989387512207,
      31.148712158203125
    ]
  }
}