{
  "generatedAt": "2026-04-02T10:32:41.713Z",
  "config": {
    "batchSize": 10,
    "batchTimeoutMs": 40000,
    "lowLoadSubcalls": 3,
    "lowLoadRounds": 5,
    "providerServiceCost": 8,
    "orchestratorFee": 2
  },
  "closureTest": {
    "taskId": "0x70e8c9615596994340001947a03209c8d17ec82ba67409b9da6c06f963764070",
    "closedThenReinvokeRejected": true,
    "rejectMessage": "Task already closed"
  },
  "livenessTest": {
    "successfulRounds": 5,
    "totalRounds": 5,
    "enqueueTimeMs": {
      "avg": 6489.9031070709225,
      "p50": 6432.499500274658,
      "p95": 6775.946481704712,
      "min": 6338.793972015381,
      "max": 6775.946481704712
    },
    "realCount": {
      "avg": 3.4,
      "p50": 3,
      "p95": 5,
      "min": 3,
      "max": 5
    },
    "dummyCount": {
      "avg": 6.6,
      "p50": 7,
      "p95": 7,
      "min": 5,
      "max": 7
    },
    "avgDummyRatio": 0.6599999999999999,
    "waitElapsedMs": {
      "avg": 43610.03364257813,
      "p50": 44120.23974609375,
      "p95": 44692.419921875,
      "min": 40615.880859375,
      "max": 44692.419921875
    },
    "steadyProveMs": 633.7898303137886,
    "effectiveAmortizedPerRealTxMs": 186.40877362170252,
    "rounds": [
      {
        "round": 1,
        "taskId": "0xb6aa34566529788d805a93c7077d2c65600aa984a96cf4602559fc011f710a4b",
        "enqueueTimeMs": 6432.499500274658,
        "timeoutTriggered": true,
        "waitElapsedMs": 40615.880859375,
        "manifest": {
          "file": "manifests/0x066dd6f0c59ba3334140ca8ad849dfdc0339b19a2b566e96b066b090f8c9a3cd.json",
          "createdAtMs": 1775125781389.8809,
          "batchId": "0x066dd6f0c59ba3334140ca8ad849dfdc0339b19a2b566e96b066b090f8c9a3cd",
          "itemCount": 5,
          "paddedItemCount": 10,
          "dummyCount": 5,
          "status": "proving"
        }
      },
      {
        "round": 2,
        "taskId": "0xfa233be8a98be0b340a5071d805108d557d4b9eeae8ad6484b2fcb51168ae83f",
        "enqueueTimeMs": 6535.070663452148,
        "timeoutTriggered": true,
        "waitElapsedMs": 44120.23974609375,
        "manifest": {
          "file": "manifests/0xd41195d145113912da35bdfeec69d52035dc64ab341171d99e5a06ebfaaaec0c.json",
          "createdAtMs": 1775125826421.2397,
          "batchId": "0xd41195d145113912da35bdfeec69d52035dc64ab341171d99e5a06ebfaaaec0c",
          "itemCount": 3,
          "paddedItemCount": 10,
          "dummyCount": 7,
          "status": "proving"
        }
      },
      {
        "round": 3,
        "taskId": "0xd69b6cb017413820f3989c3765296d8e9278d3c6745c927a00a25e1747128bc6",
        "enqueueTimeMs": 6338.793972015381,
        "timeoutTriggered": true,
        "waitElapsedMs": 44508.616943359375,
        "manifest": {
          "file": "manifests/0x45381887a9b46e2179e6ee1d6c8804a82c87a7e5373d4e9feec0dad1af931e29.json",
          "createdAtMs": 1775125871448.617,
          "batchId": "0x45381887a9b46e2179e6ee1d6c8804a82c87a7e5373d4e9feec0dad1af931e29",
          "itemCount": 3,
          "paddedItemCount": 10,
          "dummyCount": 7,
          "status": "proving"
        }
      },
      {
        "round": 4,
        "taskId": "0x2056480409327e8d5734d3d846edce98cfde67b2492a3cbb1fe8fcc5b2101fa5",
        "enqueueTimeMs": 6367.204917907715,
        "timeoutTriggered": true,
        "waitElapsedMs": 44113.0107421875,
        "manifest": {
          "file": "manifests/0xabf27f01d7a6ac28786ea79bf4d26e31b3a653bd68a13a14e1b159fef95619b1.json",
          "createdAtMs": 1775125916480.0107,
          "batchId": "0xabf27f01d7a6ac28786ea79bf4d26e31b3a653bd68a13a14e1b159fef95619b1",
          "itemCount": 3,
          "paddedItemCount": 10,
          "dummyCount": 7,
          "status": "proving"
        }
      },
      {
        "round": 5,
        "taskId": "0x9cbb1fbfe5e49f49aa8400c50e60b4a14002b9859653ffdd953e2cbd50304adf",
        "enqueueTimeMs": 6775.946481704712,
        "timeoutTriggered": true,
        "waitElapsedMs": 44692.419921875,
        "manifest": {
          "file": "manifests/0x2fb75ef7813e727fe4639cef65e6b162884414bd3ae0b048caafcb43f09449ab.json",
          "createdAtMs": 1775125961515.42,
          "batchId": "0x2fb75ef7813e727fe4639cef65e6b162884414bd3ae0b048caafcb43f09449ab",
          "itemCount": 3,
          "paddedItemCount": 10,
          "dummyCount": 7,
          "status": "proving"
        }
      }
    ]
  }
}