{
  "generatedAt": "2026-04-12T08:29:01.801Z",
  "config": {
    "rounds": 10,
    "fixedProofSize": 10,
    "realCounts": [
      1,
      2,
      4,
      6,
      8,
      10
    ],
    "wasmPath": "/root/mcp-l1/circuits/batch_capability_js/batch_capability.wasm",
    "zkeyPath": "/root/mcp-l1/circuits/batch_final.zkey",
    "vkeyPath": "/root/mcp-l1/circuits/batch_vkey.json"
  },
  "results": [
    {
      "realCount": 1,
      "dummyCount": 9,
      "fixedProofSize": 10,
      "rounds": 10,
      "allRounds": {
        "prove": {
          "avg": 1313.8776069641112,
          "p50": 690.9756755828857,
          "p95": 6560.419456481934,
          "min": 643.7167797088623,
          "max": 6560.419456481934
        },
        "verify": {
          "avg": 34.872000503540036,
          "p50": 32.132442474365234,
          "p95": 57.61406898498535,
          "min": 27.642112731933594,
          "max": 57.61406898498535
        }
      },
      "warmRounds": {
        "prove": {
          "avg": 730.9285125732422,
          "p50": 690.9756755828857,
          "p95": 854.0425357818604,
          "min": 643.7167797088623,
          "max": 854.0425357818604
        },
        "verify": {
          "avg": 32.34510400560167,
          "p50": 32.132442474365234,
          "p95": 45.358964920043945,
          "min": 27.642112731933594,
          "max": 45.358964920043945
        }
      },
      "raw": {
        "proveTimesAll": [
          6560.419456481934,
          854.0425357818604,
          843.8409156799316,
          690.9756755828857,
          756.7846088409424,
          729.3445320129395,
          690.1638107299805,
          686.2626304626465,
          643.7167797088623,
          683.2251243591309
        ],
        "verifyTimesAll": [
          57.61406898498535,
          45.358964920043945,
          32.82448959350586,
          34.0058650970459,
          32.132442474365234,
          28.562177658081055,
          29.090900421142578,
          27.642112731933594,
          28.26603126525879,
          33.222951889038086
        ],
        "proveTimesWarm": [
          854.0425357818604,
          843.8409156799316,
          690.9756755828857,
          756.7846088409424,
          729.3445320129395,
          690.1638107299805,
          686.2626304626465,
          643.7167797088623,
          683.2251243591309
        ],
        "verifyTimesWarm": [
          45.358964920043945,
          32.82448959350586,
          34.0058650970459,
          32.132442474365234,
          28.562177658081055,
          29.090900421142578,
          27.642112731933594,
          28.26603126525879,
          33.222951889038086
        ]
      }
    },
    {
      "realCount": 2,
      "dummyCount": 8,
      "fixedProofSize": 10,
      "rounds": 10,
      "allRounds": {
        "prove": {
          "avg": 601.431621170044,
          "p50": 617.1752223968506,
          "p95": 691.5419120788574,
          "min": 473.0217628479004,
          "max": 691.5419120788574
        },
        "verify": {
          "avg": 27.98494396209717,
          "p50": 27.280017852783203,
          "p95": 33.03682327270508,
          "min": 21.849628448486328,
          "max": 33.03682327270508
        }
      },
      "warmRounds": {
        "prove": {
          "avg": 593.2000386979845,
          "p50": 617.1752223968506,
          "p95": 691.5419120788574,
          "min": 473.0217628479004,
          "max": 691.5419120788574
        },
        "verify": {
          "avg": 27.610265731811523,
          "p50": 27.280017852783203,
          "p95": 33.03682327270508,
          "min": 21.849628448486328,
          "max": 33.03682327270508
        }
      },
      "raw": {
        "proveTimesAll": [
          675.5158634185791,
          631.8156967163086,
          675.6794319152832,
          691.5419120788574,
          662.7379360198975,
          617.1752223968506,
          536.2008800506592,
          473.0217628479004,
          562.3534984588623,
          488.2740077972412
        ],
        "verifyTimesAll": [
          31.35704803466797,
          30.547826766967773,
          27.280017852783203,
          31.85321617126465,
          26.104875564575195,
          24.212764739990234,
          33.03682327270508,
          24.330984115600586,
          21.849628448486328,
          29.276254653930664
        ],
        "proveTimesWarm": [
          631.8156967163086,
          675.6794319152832,
          691.5419120788574,
          662.7379360198975,
          617.1752223968506,
          536.2008800506592,
          473.0217628479004,
          562.3534984588623,
          488.2740077972412
        ],
        "verifyTimesWarm": [
          30.547826766967773,
          27.280017852783203,
          31.85321617126465,
          26.104875564575195,
          24.212764739990234,
          33.03682327270508,
          24.330984115600586,
          21.849628448486328,
          29.276254653930664
        ]
      }
    },
    {
      "realCount": 4,
      "dummyCount": 6,
      "fixedProofSize": 10,
      "rounds": 10,
      "allRounds": {
        "prove": {
          "avg": 620.6301490783692,
          "p50": 650.5798606872559,
          "p95": 694.1357326507568,
          "min": 493.32222747802734,
          "max": 694.1357326507568
        },
        "verify": {
          "avg": 26.735527992248535,
          "p50": 26.37588119506836,
          "p95": 31.6643123626709,
          "min": 15.284074783325195,
          "max": 31.6643123626709
        }
      },
      "warmRounds": {
        "prove": {
          "avg": 634.056003358629,
          "p50": 658.8254890441895,
          "p95": 694.1357326507568,
          "min": 493.32222747802734,
          "max": 694.1357326507568
        },
        "verify": {
          "avg": 28.007911682128906,
          "p50": 28.305227279663086,
          "p95": 31.6643123626709,
          "min": 22.45374870300293,
          "max": 31.6643123626709
        }
      },
      "raw": {
        "proveTimesAll": [
          499.7974605560303,
          493.32222747802734,
          534.6669464111328,
          650.0724658966064,
          674.5061206817627,
          690.8576316833496,
          658.8254890441895,
          694.1357326507568,
          650.5798606872559,
          659.5375556945801
        ],
        "verifyTimesAll": [
          15.284074783325195,
          22.45374870300293,
          31.454631805419922,
          31.548004150390625,
          25.261795043945312,
          28.305227279663086,
          26.37588119506836,
          30.525144577026367,
          24.482460021972656,
          31.6643123626709
        ],
        "proveTimesWarm": [
          493.32222747802734,
          534.6669464111328,
          650.0724658966064,
          674.5061206817627,
          690.8576316833496,
          658.8254890441895,
          694.1357326507568,
          650.5798606872559,
          659.5375556945801
        ],
        "verifyTimesWarm": [
          22.45374870300293,
          31.454631805419922,
          31.548004150390625,
          25.261795043945312,
          28.305227279663086,
          26.37588119506836,
          30.525144577026367,
          24.482460021972656,
          31.6643123626709
        ]
      }
    },
    {
      "realCount": 6,
      "dummyCount": 4,
      "fixedProofSize": 10,
      "rounds": 10,
      "allRounds": {
        "prove": {
          "avg": 632.5161825180054,
          "p50": 621.4893569946289,
          "p95": 695.8206825256348,
          "min": 570.9207038879395,
          "max": 695.8206825256348
        },
        "verify": {
          "avg": 29.5208683013916,
          "p50": 31.23894691467285,
          "p95": 32.147483825683594,
          "min": 23.10546875,
          "max": 32.147483825683594
        }
      },
      "warmRounds": {
        "prove": {
          "avg": 625.4823491838243,
          "p50": 621.4893569946289,
          "p95": 672.4968967437744,